{	
	"easycom": {
		"^u-(.*)": "@/uview-ui/components/u-$1/u-$1.vue"
	},
	"pages": [ //pages数组中第一项表示应用启动页，参考：https://uniapp.dcloud.io/collocation/pages
		{
			"path": "pages/login/login",
			"style": {
				"navigationBarTitleText": "login"
			}
		},
		{
			"path": "pages/task/task-detail-min",
			"style": {
				"navigationBarTitleText": "task-detail-min"
			}
		},
		
		{
			"path": "pages/index/index",
			"style": {
				"navigationBarTitleText": "index",
				"enablePullDownRefresh": true,
				"pullToRefresh": {  
					"support": true,  
					"color": "#1890FF",  
					"style": "circle",    
					"offset": "100px"  
				}  
			}
		},
		{
			"path": "pages/pwt/pwt-create",
			"style": {
				"navigationBarTitleText": "pwt-create"
			}
		},
		{
			"path": "pages/pwt/pwt-detail",
			"style": {
				"navigationBarTitleText": "pwt-detail"
			}
		},
		{
			"path": "pages/worker/worker-creat",
			"style": {
				"navigationBarTitleText": "worker-creat"
			}
		},
		// {
		// 	"path": "pages/worker/worker-home",
		// 	"style": {
		// 		"navigationBarTitleText": "worker-home"
		// 	}
		// },
		// {
		// 	"path": "pages/me/me",
		// 	"style": {
		// 		"navigationBarTitleText": "me"
		// 	}
		// },
		// {
		// 	"path": "pages/pwt/pwt",
		// 	"style": {
		// 		"navigationBarTitleText": "pwt"
		// 	}
		// },
		// {
		// 	"path": "pages/subcontractor/subcontractor",
		// 	"style": {
		// 		"navigationBarTitleText": "subcontractor"
		// 	}
		// },
		// {
		// 	"path": "pages/task/task",
		// 	"style": {
		// 		"navigationBarTitleText": "task"
		// 	}
		// },
		{
			"path": "pages/worker/worker-detail",
			"style": {
				"navigationBarTitleText": "worker-detail"
			}
		},
		{
			"path": "pages/subcontractor/sub-detail",
			"style": {
				"navigationBarTitleText": "sub-detail"
			}
		},
		{
			"path": "pages/subcontractor/sub-detail",
			"style": {
				"navigationBarTitleText": "sub-detail"
			}
		},
		{
			"path": "pages/subcontractor/sub-creat",
			"style": {
				"navigationBarTitleText": "sub-creat"
			}
		},
		{
			"path": "pages/task/task-dispatch",
			"style": {
				"navigationBarTitleText": "task-dispatch"
			}
		},
		{
			"path": "pages/task/task-detail-sub",
			"style": {
				"navigationBarTitleText": "task-detail-sub"
			}
		},
		
		{
			"path": "pages/login/forget",
			"style": {
				"navigationBarTitleText": "forget"
			}
		}
	],
	"globalStyle": {
		"navigationBarTextStyle": "black",
		"navigationBarTitleText": "uni-app",
		"navigationBarBackgroundColor": "#F8F8F8",
		"backgroundColor": "#F8F8F8",
		"navigationStyle":"custom",
		"app-plus":{
			"titleView":false
		}
	}
	// ,
	// "tabBar": {
	//       "color": "#D3D4D7",
	//       "selectedColor": "#1890FF",
	//       "borderStyle": "black",
	//       "backgroundColor": "#ffffff",
	//       "list": [{
	//           "pagePath": "pages/subcontractor/subcontractor",
	//           "iconPath": "static/icon/Sub_nor@2x.png",
	//           "selectedIconPath": "static/icon/Sub_sel@2x.png",
	//           "text": "subcontractor"
	//       }, {
	//           "pagePath": "pages/task/task",
	//           "iconPath": "static/icon/task_nor@2x.png",
	//           "selectedIconPath": "static/icon/task_sel@2x.png",
	//           "text": "task"
	//       },
	//    {
	//        "pagePath": "pages/pwt/pwt",
	//        "iconPath": "static/icon/pwt_nor@2x.png",
	//        "selectedIconPath": "static/icon/pet_sel@2x.png",
	//        "text": "pwt"
	//    },
	//    {
	//        "pagePath": "pages/worker/worker-home",
	//        "iconPath": "static/icon/woker_nor@3x.png",
	//        "selectedIconPath": "static/icon/woker_sel@3x.png",
	//        "text": "worker"
	//    },
	//    {
	//        "pagePath": "pages/me/me",
	//        "iconPath": "static/icon/me_nor@2x.png",
	//        "selectedIconPath": "static/icon/me_sel@2x.png",
	//        "text": "me"
	//    }
	//    ]
	//   }
}
